date,symbol,market,currency,price_unit,open,high,low,close,settlement,volume_contracts,open_interest_contracts,close_change_pct,source_id
2025-06-24,I0,DCE,CNY,CNY/metric_ton,705.5,710,702,703,705.5,291318,676786,-0.424929,sina_iron_ore_i0
2025-06-25,I0,DCE,CNY,CNY/metric_ton,701,704.5,698,702.5,701,315873,671948,-0.071124,sina_iron_ore_i0
2025-06-26,I0,DCE,CNY,CNY/metric_ton,702.5,707.5,698,705.5,702.5,326475,654225,0.427046,sina_iron_ore_i0
2025-06-27,I0,DCE,CNY,CNY/metric_ton,707,719.5,706,716.5,714,485658,679900,1.559178,sina_iron_ore_i0
2025-06-30,I0,DCE,CNY,CNY/metric_ton,718.5,723.5,714,715.5,718,345152,668751,-0.139567,sina_iron_ore_i0
2025-07-01,I0,DCE,CNY,CNY/metric_ton,715,716,706,708.5,710.5,338762,654854,-0.978337,sina_iron_ore_i0
2025-07-02,I0,DCE,CNY,CNY/metric_ton,708,724.5,707.5,722.5,715.5,449251,647875,1.976006,sina_iron_ore_i0
2025-07-03,I0,DCE,CNY,CNY/metric_ton,724.5,736.5,721.5,733,728,452146,639417,1.453287,sina_iron_ore_i0
2025-07-04,I0,DCE,CNY,CNY/metric_ton,731,741,731,732.5,736,403254,651817,-0.068213,sina_iron_ore_i0
2025-07-07,I0,DCE,CNY,CNY/metric_ton,732,739,727.5,731,732,290889,647845,-0.204778,sina_iron_ore_i0
2025-07-08,I0,DCE,CNY,CNY/metric_ton,731,736,727.5,733,731.5,233496,655157,0.273598,sina_iron_ore_i0
2025-07-09,I0,DCE,CNY,CNY/metric_ton,731.5,740.5,731.5,736.5,736.5,247638,659461,0.47749,sina_iron_ore_i0
2025-07-10,I0,DCE,CNY,CNY/metric_ton,736,766,735,763.5,750.5,514055,659915,3.665988,sina_iron_ore_i0
2025-07-11,I0,DCE,CNY,CNY/metric_ton,762,770,761,764,764.5,360649,661862,0.065488,sina_iron_ore_i0
2025-07-14,I0,DCE,CNY,CNY/metric_ton,765,769.5,763,766.5,766,239244,664821,0.327225,sina_iron_ore_i0
2025-07-15,I0,DCE,CNY,CNY/metric_ton,766.5,772,758.5,767,765,325980,668688,0.065232,sina_iron_ore_i0
2025-07-16,I0,DCE,CNY,CNY/metric_ton,767,777.5,765,773,771.5,370227,690425,0.782269,sina_iron_ore_i0
2025-07-17,I0,DCE,CNY,CNY/metric_ton,773,787.5,772.5,785.5,782,463317,703244,1.617076,sina_iron_ore_i0
2025-07-18,I0,DCE,CNY,CNY/metric_ton,788.5,801,782.5,785,792.5,518894,692666,-0.063654,sina_iron_ore_i0
2025-07-21,I0,DCE,CNY,CNY/metric_ton,786.5,819,785.5,809,803,583685,663446,3.057325,sina_iron_ore_i0
2025-07-22,I0,DCE,CNY,CNY/metric_ton,809,835.5,805,823,817,593295,619902,1.730532,sina_iron_ore_i0
2025-07-23,I0,DCE,CNY,CNY/metric_ton,826,828.5,806.5,812,815.5,485011,579939,-1.336574,sina_iron_ore_i0
2025-07-24,I0,DCE,CNY,CNY/metric_ton,815.5,822.5,803.5,811,811.5,398654,562835,-0.123153,sina_iron_ore_i0
2025-07-25,I0,DCE,CNY,CNY/metric_ton,815,815.5,790,802.5,800,533058,528991,-1.048089,sina_iron_ore_i0
2025-07-28,I0,DCE,CNY,CNY/metric_ton,802.5,806.5,780.5,786,793,531456,489437,-2.056075,sina_iron_ore_i0
2025-07-29,I0,DCE,CNY,CNY/metric_ton,786.5,800,786,798,792.5,330523,482200,1.526718,sina_iron_ore_i0
2025-07-30,I0,DCE,CNY,CNY/metric_ton,798,807.5,786.5,789,798,394826,452110,-1.12782,sina_iron_ore_i0
2025-07-31,I0,DCE,CNY,CNY/metric_ton,792.5,793,774,779,784.5,326294,419559,-1.267427,sina_iron_ore_i0
2025-08-01,I0,DCE,CNY,CNY/metric_ton,780,790.5,776.5,783,784.5,261821,410009,0.513479,sina_iron_ore_i0
2025-08-04,I0,DCE,CNY,CNY/metric_ton,787,794.5,782,790.5,789,262794,402645,0.957854,sina_iron_ore_i0
2025-08-05,I0,DCE,CNY,CNY/metric_ton,792,800,790,798.5,795,198067,384501,1.012018,sina_iron_ore_i0
2025-08-06,I0,DCE,CNY,CNY/metric_ton,799.5,801.5,788,794.5,795,208804,358293,-0.500939,sina_iron_ore_i0
2025-08-07,I0,DCE,CNY,CNY/metric_ton,795.5,799,787,793,791.5,199704,335365,-0.188798,sina_iron_ore_i0
2025-08-08,I0,DCE,CNY,CNY/metric_ton,775.5,777,770.5,773.5,774,127215,355505,-2.459016,sina_iron_ore_i0
2025-08-11,I0,DCE,CNY,CNY/metric_ton,775,790,771,789,782.5,260124,392715,2.003878,sina_iron_ore_i0
2025-08-12,I0,DCE,CNY,CNY/metric_ton,790,803,787.5,801,795,281002,443799,1.520913,sina_iron_ore_i0
2025-08-13,I0,DCE,CNY,CNY/metric_ton,801,803.5,795,795,798.5,197238,452419,-0.749064,sina_iron_ore_i0
2025-08-14,I0,DCE,CNY,CNY/metric_ton,792,798.5,771,775,784.5,331007,451957,-2.515723,sina_iron_ore_i0
2025-08-15,I0,DCE,CNY,CNY/metric_ton,778,782.5,772,776,777,218451,447326,0.129032,sina_iron_ore_i0
2025-08-18,I0,DCE,CNY,CNY/metric_ton,777,784,766.5,772,776,281501,448909,-0.515464,sina_iron_ore_i0
2025-08-19,I0,DCE,CNY,CNY/metric_ton,773,774,768,771,770.5,154949,449577,-0.129534,sina_iron_ore_i0
2025-08-20,I0,DCE,CNY,CNY/metric_ton,772,772.5,760,769,765,289366,440389,-0.259403,sina_iron_ore_i0
2025-08-21,I0,DCE,CNY,CNY/metric_ton,770,780,770,772.5,775.5,281755,451574,0.455137,sina_iron_ore_i0
2025-08-22,I0,DCE,CNY,CNY/metric_ton,771,774.5,766,770,769.5,227341,452625,-0.323625,sina_iron_ore_i0
2025-08-25,I0,DCE,CNY,CNY/metric_ton,772,789,771,787,782,317230,464830,2.207792,sina_iron_ore_i0
2025-08-26,I0,DCE,CNY,CNY/metric_ton,787,788,773.5,776.5,780.5,220023,452852,-1.33418,sina_iron_ore_i0
2025-08-27,I0,DCE,CNY,CNY/metric_ton,776,781.5,773,775.5,777,216112,454736,-0.128783,sina_iron_ore_i0
2025-08-28,I0,DCE,CNY,CNY/metric_ton,776,791,774.5,790.5,781.5,293261,472490,1.934236,sina_iron_ore_i0
2025-08-29,I0,DCE,CNY,CNY/metric_ton,790,792,783.5,787.5,787,215248,473608,-0.379507,sina_iron_ore_i0
2025-09-01,I0,DCE,CNY,CNY/metric_ton,787,787,761,766,771,393789,453950,-2.730159,sina_iron_ore_i0
2025-09-02,I0,DCE,CNY,CNY/metric_ton,768.5,777.5,767,771.5,771.5,246550,453002,0.718016,sina_iron_ore_i0
2025-09-03,I0,DCE,CNY,CNY/metric_ton,773,783.5,772.5,777,778.5,289198,465930,0.712897,sina_iron_ore_i0
2025-09-04,I0,DCE,CNY,CNY/metric_ton,777,796.5,773.5,791.5,783.5,392627,506983,1.866152,sina_iron_ore_i0
2025-09-05,I0,DCE,CNY,CNY/metric_ton,789,792,782,789.5,787,289453,501397,-0.252685,sina_iron_ore_i0
2025-09-08,I0,DCE,CNY,CNY/metric_ton,791,795.5,784,792,789,263731,512120,0.316656,sina_iron_ore_i0
2025-09-09,I0,DCE,CNY,CNY/metric_ton,792,814,790.5,805,803,494126,541200,1.641414,sina_iron_ore_i0
2025-09-10,I0,DCE,CNY,CNY/metric_ton,803.5,809,796,805,802,334534,544566,0.0,sina_iron_ore_i0
2025-09-11,I0,DCE,CNY,CNY/metric_ton,804.5,809,791.5,795.5,800,365052,538976,-1.180124,sina_iron_ore_i0
2025-09-12,I0,DCE,CNY,CNY/metric_ton,797.5,803.5,793.5,799.5,798.5,269584,543195,0.502828,sina_iron_ore_i0
2025-09-15,I0,DCE,CNY,CNY/metric_ton,799,805.5,791,796,797,358924,535831,-0.437774,sina_iron_ore_i0
2025-09-16,I0,DCE,CNY,CNY/metric_ton,800,812,798,803.5,805.5,397594,532389,0.942211,sina_iron_ore_i0
2025-09-17,I0,DCE,CNY,CNY/metric_ton,804,807,796,804.5,801,254268,534465,0.124456,sina_iron_ore_i0
2025-09-18,I0,DCE,CNY,CNY/metric_ton,805,809,797,800,801,308247,533529,-0.559354,sina_iron_ore_i0
2025-09-19,I0,DCE,CNY,CNY/metric_ton,802.5,813,798,807.5,805.5,379811,574521,0.9375,sina_iron_ore_i0
2025-09-22,I0,DCE,CNY,CNY/metric_ton,811,820,803.5,808.5,812.5,409502,562024,0.123839,sina_iron_ore_i0
2025-09-23,I0,DCE,CNY,CNY/metric_ton,808.5,810.5,798,802.5,803.5,289687,546570,-0.742115,sina_iron_ore_i0
2025-09-24,I0,DCE,CNY,CNY/metric_ton,804,808,800.5,803.5,803.5,202421,539059,0.124611,sina_iron_ore_i0
2025-09-25,I0,DCE,CNY,CNY/metric_ton,805.5,808,799.5,805.5,804,191183,529740,0.248911,sina_iron_ore_i0
2025-09-26,I0,DCE,CNY,CNY/metric_ton,804,806,788,790,796.5,326907,508929,-1.924271,sina_iron_ore_i0
2025-09-29,I0,DCE,CNY,CNY/metric_ton,790,791,780,784,785.5,259935,473992,-0.759494,sina_iron_ore_i0
2025-09-30,I0,DCE,CNY,CNY/metric_ton,785,787,779.5,780.5,783,195179,447365,-0.446429,sina_iron_ore_i0
2025-10-09,I0,DCE,CNY,CNY/metric_ton,782,794,776.5,790.5,787,240766,459565,1.28123,sina_iron_ore_i0
2025-10-10,I0,DCE,CNY,CNY/metric_ton,795.5,802,791,795,795.5,224798,476191,0.56926,sina_iron_ore_i0
2025-10-13,I0,DCE,CNY,CNY/metric_ton,800.5,804.5,791,804.5,798.5,344315,485339,1.194969,sina_iron_ore_i0
2025-10-14,I0,DCE,CNY,CNY/metric_ton,806.5,809.5,774,782,788,525492,499799,-2.796768,sina_iron_ore_i0
2025-10-15,I0,DCE,CNY,CNY/metric_ton,784,787.5,774.5,776.5,780.5,305761,508365,-0.703325,sina_iron_ore_i0
2025-10-16,I0,DCE,CNY,CNY/metric_ton,780,781,766.5,773.5,772.5,398551,535578,-0.386349,sina_iron_ore_i0
2025-10-17,I0,DCE,CNY,CNY/metric_ton,774,776.5,767,771,771.5,271218,545426,-0.323206,sina_iron_ore_i0
2025-10-20,I0,DCE,CNY,CNY/metric_ton,771,775.5,762.5,767,768.5,347579,555584,-0.518807,sina_iron_ore_i0
2025-10-21,I0,DCE,CNY,CNY/metric_ton,768.5,776.5,760,769.5,769,301522,562733,0.325945,sina_iron_ore_i0
2025-10-22,I0,DCE,CNY,CNY/metric_ton,772.5,777.5,771,774,774,208059,558163,0.584795,sina_iron_ore_i0
2025-10-23,I0,DCE,CNY,CNY/metric_ton,777,782,770,777,775.5,236711,561141,0.387597,sina_iron_ore_i0
2025-10-24,I0,DCE,CNY,CNY/metric_ton,777,779,765,771,771.5,310339,565642,-0.772201,sina_iron_ore_i0
2025-10-27,I0,DCE,CNY,CNY/metric_ton,770.5,787,768.5,786.5,777.5,363294,558846,2.010376,sina_iron_ore_i0
2025-10-28,I0,DCE,CNY,CNY/metric_ton,785,795,784,792.5,789,330083,548944,0.762873,sina_iron_ore_i0
2025-10-29,I0,DCE,CNY,CNY/metric_ton,793.5,807,792,804.5,799.5,354444,542850,1.514196,sina_iron_ore_i0
2025-10-30,I0,DCE,CNY,CNY/metric_ton,804.5,810.5,798,802.5,804.5,325873,551548,-0.248602,sina_iron_ore_i0
2025-10-31,I0,DCE,CNY,CNY/metric_ton,800,802,792,800,797,305778,540280,-0.311526,sina_iron_ore_i0
2025-11-03,I0,DCE,CNY,CNY/metric_ton,801,801.5,778,782.5,789,406726,534930,-2.1875,sina_iron_ore_i0
2025-11-04,I0,DCE,CNY,CNY/metric_ton,783,784,773,775.5,778,276598,547754,-0.894569,sina_iron_ore_i0
2025-11-05,I0,DCE,CNY,CNY/metric_ton,775,777,768,776,772.5,281615,544659,0.064475,sina_iron_ore_i0
2025-11-06,I0,DCE,CNY,CNY/metric_ton,777,779.5,771,777.5,775,259605,537495,0.193299,sina_iron_ore_i0
2025-11-07,I0,DCE,CNY,CNY/metric_ton,777,777.5,757,760.5,765.5,431356,559408,-2.186495,sina_iron_ore_i0
2025-11-10,I0,DCE,CNY,CNY/metric_ton,762.5,767,756,765,761.5,327443,541602,0.591716,sina_iron_ore_i0
2025-11-11,I0,DCE,CNY,CNY/metric_ton,765,767,759,763,763.5,262391,530352,-0.261438,sina_iron_ore_i0
2025-11-12,I0,DCE,CNY,CNY/metric_ton,763,775,762.5,774,770.5,351878,501233,1.441678,sina_iron_ore_i0
2025-11-13,I0,DCE,CNY,CNY/metric_ton,771,775,767,772.5,770.5,215756,494127,-0.193798,sina_iron_ore_i0
2025-11-14,I0,DCE,CNY,CNY/metric_ton,774,781,770,772.5,774.5,266426,480380,0.0,sina_iron_ore_i0
2025-11-17,I0,DCE,CNY,CNY/metric_ton,769,791,767.5,788.5,781,351270,481399,2.071197,sina_iron_ore_i0
2025-11-18,I0,DCE,CNY,CNY/metric_ton,786.5,792,781,792,785.5,262295,471291,0.443881,sina_iron_ore_i0
2025-11-19,I0,DCE,CNY,CNY/metric_ton,791.5,797,786.5,791.5,791,245541,480907,-0.063131,sina_iron_ore_i0
2025-11-20,I0,DCE,CNY,CNY/metric_ton,791.5,793.5,781.5,788.5,788,285402,477486,-0.379027,sina_iron_ore_i0
2025-11-21,I0,DCE,CNY,CNY/metric_ton,788.5,792,781.5,785.5,787,257403,460502,-0.380469,sina_iron_ore_i0
2025-11-24,I0,DCE,CNY,CNY/metric_ton,785.5,798,781.5,790.5,790,311836,449760,0.636537,sina_iron_ore_i0
2025-11-25,I0,DCE,CNY,CNY/metric_ton,791,800,791,794,795.5,213171,437331,0.442758,sina_iron_ore_i0
2025-11-26,I0,DCE,CNY,CNY/metric_ton,795,799.5,793,797,796,201969,419842,0.377834,sina_iron_ore_i0
2025-11-27,I0,DCE,CNY,CNY/metric_ton,799.5,800.5,791.5,799.5,795.5,199651,414346,0.313676,sina_iron_ore_i0
2025-11-28,I0,DCE,CNY,CNY/metric_ton,797.5,798,786,794,792,252881,390978,-0.68793,sina_iron_ore_i0
2025-12-01,I0,DCE,CNY,CNY/metric_ton,793,803.5,789,801,796.5,239231,376674,0.881612,sina_iron_ore_i0
2025-12-02,I0,DCE,CNY,CNY/metric_ton,801,804.5,798,800.5,801,143855,358611,-0.062422,sina_iron_ore_i0
2025-12-03,I0,DCE,CNY,CNY/metric_ton,801.5,803.5,794,799.5,799.5,169490,334841,-0.124922,sina_iron_ore_i0
2025-12-04,I0,DCE,CNY,CNY/metric_ton,777.5,779,771,777,775,150017,385778,-2.814259,sina_iron_ore_i0
2025-12-05,I0,DCE,CNY,CNY/metric_ton,776,779,766,769,771.5,160776,408723,-1.029601,sina_iron_ore_i0
2025-12-08,I0,DCE,CNY,CNY/metric_ton,767.5,768,760,760.5,763,206640,429369,-1.105332,sina_iron_ore_i0
2025-12-09,I0,DCE,CNY,CNY/metric_ton,759,760,750,757.5,755,239637,441754,-0.394477,sina_iron_ore_i0
2025-12-10,I0,DCE,CNY,CNY/metric_ton,758.5,776.5,756.5,769,767,379803,469434,1.518152,sina_iron_ore_i0
2025-12-11,I0,DCE,CNY,CNY/metric_ton,769,771,754.5,757,763,324951,468056,-1.560468,sina_iron_ore_i0
2025-12-12,I0,DCE,CNY,CNY/metric_ton,757,764.5,756,760.5,760,243565,465488,0.462351,sina_iron_ore_i0
2025-12-15,I0,DCE,CNY,CNY/metric_ton,752.5,760.5,748,753,753,367137,469396,-0.986193,sina_iron_ore_i0
2025-12-16,I0,DCE,CNY,CNY/metric_ton,755,764,752,761,758.5,239609,479572,1.062417,sina_iron_ore_i0
2025-12-17,I0,DCE,CNY,CNY/metric_ton,760,769.5,759,768,765,229787,488996,0.919842,sina_iron_ore_i0
2025-12-18,I0,DCE,CNY,CNY/metric_ton,768,781.5,767,777.5,776,322377,518155,1.236979,sina_iron_ore_i0
2025-12-19,I0,DCE,CNY,CNY/metric_ton,777,780.5,774.5,780,777,187722,534905,0.321543,sina_iron_ore_i0
2025-12-22,I0,DCE,CNY,CNY/metric_ton,780,785,776,781.5,780.5,264601,551953,0.192308,sina_iron_ore_i0
2025-12-23,I0,DCE,CNY,CNY/metric_ton,779.5,783.5,772.5,778.5,777.5,216445,554034,-0.383877,sina_iron_ore_i0
2025-12-24,I0,DCE,CNY,CNY/metric_ton,778,780,770,779.5,774,216277,553717,0.128452,sina_iron_ore_i0
2025-12-25,I0,DCE,CNY,CNY/metric_ton,779,781.5,774.5,778.5,777.5,145809,567104,-0.128287,sina_iron_ore_i0
2025-12-26,I0,DCE,CNY,CNY/metric_ton,778,784.5,772,783,776.5,291118,580731,0.578035,sina_iron_ore_i0
2025-12-29,I0,DCE,CNY,CNY/metric_ton,783,803,782,796.5,792.5,461928,629681,1.724138,sina_iron_ore_i0
2025-12-30,I0,DCE,CNY,CNY/metric_ton,794.5,800,786.5,789,794,297023,613601,-0.94162,sina_iron_ore_i0
2025-12-31,I0,DCE,CNY,CNY/metric_ton,789.5,795.5,784.5,789.5,789.5,245856,593347,0.063371,sina_iron_ore_i0
2026-01-05,I0,DCE,CNY,CNY/metric_ton,791.5,799,791,797,795.5,195492,618775,0.949968,sina_iron_ore_i0
2026-01-06,I0,DCE,CNY,CNY/metric_ton,797,806,787,801,795.5,307478,640868,0.501882,sina_iron_ore_i0
2026-01-07,I0,DCE,CNY,CNY/metric_ton,801,828.5,801,828,816,490615,666581,3.370787,sina_iron_ore_i0
2026-01-08,I0,DCE,CNY,CNY/metric_ton,828,831.5,808,813,820.5,442605,636674,-1.811594,sina_iron_ore_i0
2026-01-09,I0,DCE,CNY,CNY/metric_ton,815,819,809.5,814.5,815,270327,639884,0.184502,sina_iron_ore_i0
2026-01-12,I0,DCE,CNY,CNY/metric_ton,818,826,817,822.5,821.5,272044,654834,0.982198,sina_iron_ore_i0
2026-01-13,I0,DCE,CNY,CNY/metric_ton,822,828,814,819.5,820.5,311621,653307,-0.364742,sina_iron_ore_i0
2026-01-14,I0,DCE,CNY,CNY/metric_ton,820,825.5,817,821,821.5,238116,662688,0.183038,sina_iron_ore_i0
2026-01-15,I0,DCE,CNY,CNY/metric_ton,820,821.5,812,813,816,252986,652402,-0.974421,sina_iron_ore_i0
2026-01-16,I0,DCE,CNY,CNY/metric_ton,813,821.5,809.5,812,815,256282,648862,-0.123001,sina_iron_ore_i0
2026-01-19,I0,DCE,CNY,CNY/metric_ton,810,811.5,788.5,794,797.5,396301,616341,-2.216749,sina_iron_ore_i0
2026-01-20,I0,DCE,CNY,CNY/metric_ton,798,798,778,789.5,786.5,362607,586507,-0.566751,sina_iron_ore_i0
2026-01-21,I0,DCE,CNY,CNY/metric_ton,789.5,791.5,782.5,784,786,225102,575249,-0.696643,sina_iron_ore_i0
2026-01-22,I0,DCE,CNY,CNY/metric_ton,785,790.5,782,786.5,785.5,197149,566469,0.318878,sina_iron_ore_i0
2026-01-23,I0,DCE,CNY,CNY/metric_ton,787,798,786,795,792,228677,568811,1.080737,sina_iron_ore_i0
2026-01-26,I0,DCE,CNY,CNY/metric_ton,796,801.5,784,784.5,792,261690,568175,-1.320755,sina_iron_ore_i0
2026-01-27,I0,DCE,CNY,CNY/metric_ton,786.5,794,784.5,788,788.5,211744,571053,0.446144,sina_iron_ore_i0
2026-01-28,I0,DCE,CNY,CNY/metric_ton,788,789.5,780.5,783,784.5,217818,564613,-0.634518,sina_iron_ore_i0
2026-01-29,I0,DCE,CNY,CNY/metric_ton,783,800,781,798.5,791,307714,555392,1.979566,sina_iron_ore_i0
2026-01-30,I0,DCE,CNY,CNY/metric_ton,799.5,801,786,791.5,793,278296,541228,-0.876644,sina_iron_ore_i0
2026-02-02,I0,DCE,CNY,CNY/metric_ton,788.5,793.5,781,783,786.5,304564,520684,-1.07391,sina_iron_ore_i0
2026-02-03,I0,DCE,CNY,CNY/metric_ton,787,797,774.5,777.5,784,357056,518849,-0.702427,sina_iron_ore_i0
2026-02-04,I0,DCE,CNY,CNY/metric_ton,781,786,778,781.5,782,240530,515657,0.514469,sina_iron_ore_i0
2026-02-05,I0,DCE,CNY,CNY/metric_ton,779.5,779.5,764,768.5,770,331736,525113,-1.663468,sina_iron_ore_i0
2026-02-06,I0,DCE,CNY,CNY/metric_ton,769,772,760,760.5,765,216259,514745,-1.040989,sina_iron_ore_i0
2026-02-09,I0,DCE,CNY,CNY/metric_ton,760,765,757.5,761.5,761.5,169680,513384,0.131492,sina_iron_ore_i0
2026-02-10,I0,DCE,CNY,CNY/metric_ton,765,767,761,761.5,763,143284,513940,0.0,sina_iron_ore_i0
2026-02-11,I0,DCE,CNY,CNY/metric_ton,760,767.5,758.5,762.5,763.5,133786,506957,0.13132,sina_iron_ore_i0
2026-02-12,I0,DCE,CNY,CNY/metric_ton,764,767,761.5,762,764,112867,497918,-0.065574,sina_iron_ore_i0
2026-02-13,I0,DCE,CNY,CNY/metric_ton,760.5,764.5,745.5,746,754,239453,494550,-2.099738,sina_iron_ore_i0
2026-02-24,I0,DCE,CNY,CNY/metric_ton,743,748.5,736,740.5,742,220287,519204,-0.737265,sina_iron_ore_i0
2026-02-25,I0,DCE,CNY,CNY/metric_ton,741.5,757,739.5,752.5,748.5,276695,528498,1.620527,sina_iron_ore_i0
2026-02-26,I0,DCE,CNY,CNY/metric_ton,755,755,743.5,748.5,748.5,190394,540573,-0.531561,sina_iron_ore_i0
2026-02-27,I0,DCE,CNY,CNY/metric_ton,748,751.5,745.5,750.5,748,175649,546682,0.267201,sina_iron_ore_i0
2026-03-02,I0,DCE,CNY,CNY/metric_ton,750,755,742.5,754.5,748.5,266635,542727,0.532978,sina_iron_ore_i0
2026-03-03,I0,DCE,CNY,CNY/metric_ton,751.5,754,743,753.5,749,239558,532861,-0.132538,sina_iron_ore_i0
2026-03-04,I0,DCE,CNY,CNY/metric_ton,753,753,745,752,749.5,230305,525573,-0.199071,sina_iron_ore_i0
2026-03-05,I0,DCE,CNY,CNY/metric_ton,752.5,771,750.5,759,761.5,435406,498769,0.930851,sina_iron_ore_i0
2026-03-06,I0,DCE,CNY,CNY/metric_ton,762,774.5,759.5,772,767,264664,488254,1.71278,sina_iron_ore_i0
2026-03-09,I0,DCE,CNY,CNY/metric_ton,772,792,771,784.5,782,411614,473257,1.619171,sina_iron_ore_i0
2026-03-10,I0,DCE,CNY,CNY/metric_ton,781.5,787,772.5,784,780.5,296472,467965,-0.063735,sina_iron_ore_i0
2026-03-11,I0,DCE,CNY,CNY/metric_ton,784.5,789.5,780.5,787.5,785,192732,474969,0.446429,sina_iron_ore_i0
2026-03-12,I0,DCE,CNY,CNY/metric_ton,789.5,799,787,795.5,793,239231,480735,1.015873,sina_iron_ore_i0
2026-03-13,I0,DCE,CNY,CNY/metric_ton,824,827,805.5,811.5,815,450593,471496,2.011314,sina_iron_ore_i0
2026-03-16,I0,DCE,CNY,CNY/metric_ton,799,810,794,809,802,320029,458852,-0.308071,sina_iron_ore_i0
2026-03-17,I0,DCE,CNY,CNY/metric_ton,809.5,819,804.5,816.5,812,210054,461727,0.92707,sina_iron_ore_i0
2026-03-18,I0,DCE,CNY,CNY/metric_ton,816,818.5,806,811,812,189201,455521,-0.673607,sina_iron_ore_i0
2026-03-19,I0,DCE,CNY,CNY/metric_ton,809,812.5,803,807.5,807,193106,446896,-0.431566,sina_iron_ore_i0
2026-03-20,I0,DCE,CNY,CNY/metric_ton,803,818.5,800,815.5,811.5,247285,450190,0.990712,sina_iron_ore_i0
2026-03-23,I0,DCE,CNY,CNY/metric_ton,814.5,826,812.5,819,819.5,263330,441933,0.429185,sina_iron_ore_i0
2026-03-24,I0,DCE,CNY,CNY/metric_ton,815,829.5,813,824,821.5,219790,445891,0.610501,sina_iron_ore_i0
2026-03-25,I0,DCE,CNY,CNY/metric_ton,823,831,801,806.5,815.5,378649,414314,-2.123786,sina_iron_ore_i0
2026-03-26,I0,DCE,CNY,CNY/metric_ton,808.5,823,808,817,816,216414,408026,1.301922,sina_iron_ore_i0
2026-03-27,I0,DCE,CNY,CNY/metric_ton,819,819,807,812,812.5,183962,387244,-0.611995,sina_iron_ore_i0
2026-03-30,I0,DCE,CNY,CNY/metric_ton,812,819.5,811,813,814.5,142958,371421,0.123153,sina_iron_ore_i0
2026-03-31,I0,DCE,CNY,CNY/metric_ton,814,817,806.5,808,811,158111,353624,-0.615006,sina_iron_ore_i0
2026-04-01,I0,DCE,CNY,CNY/metric_ton,809.5,821.5,808,812,815.5,197407,347799,0.49505,sina_iron_ore_i0
2026-04-02,I0,DCE,CNY,CNY/metric_ton,812,814.5,793.5,805,803.5,340206,320240,-0.862069,sina_iron_ore_i0
2026-04-03,I0,DCE,CNY,CNY/metric_ton,784,784.5,771,776,776.5,123405,353696,-3.602484,sina_iron_ore_i0
2026-04-07,I0,DCE,CNY,CNY/metric_ton,777,783.5,771,774.5,777,123037,374669,-0.193299,sina_iron_ore_i0
2026-04-08,I0,DCE,CNY,CNY/metric_ton,775,777.5,762,766.5,769.5,203856,397264,-1.032924,sina_iron_ore_i0
2026-04-09,I0,DCE,CNY,CNY/metric_ton,766,766,748.5,750,756,285975,450171,-2.152642,sina_iron_ore_i0
2026-04-10,I0,DCE,CNY,CNY/metric_ton,750.5,760,749,753.5,754,227904,461074,0.466667,sina_iron_ore_i0
2026-04-13,I0,DCE,CNY,CNY/metric_ton,753,766.5,753,763.5,759,205991,473047,1.32714,sina_iron_ore_i0
2026-04-14,I0,DCE,CNY,CNY/metric_ton,765,766,749,758.5,756.5,280426,485079,-0.654879,sina_iron_ore_i0
2026-04-15,I0,DCE,CNY,CNY/metric_ton,760,765,753.5,764,759,212597,488756,0.725115,sina_iron_ore_i0
2026-04-16,I0,DCE,CNY,CNY/metric_ton,764,783.5,764,782.5,775.5,406390,494661,2.421466,sina_iron_ore_i0
2026-04-17,I0,DCE,CNY,CNY/metric_ton,780.5,782,774.5,778.5,777.5,166731,503203,-0.511182,sina_iron_ore_i0
2026-04-20,I0,DCE,CNY,CNY/metric_ton,777.5,789,770.5,786.5,779,290399,520031,1.027617,sina_iron_ore_i0
2026-04-21,I0,DCE,CNY,CNY/metric_ton,784,787.5,780.5,784,784,178964,532777,-0.317864,sina_iron_ore_i0
2026-04-22,I0,DCE,CNY,CNY/metric_ton,784,790,782,786.5,786,189458,552205,0.318878,sina_iron_ore_i0
2026-04-23,I0,DCE,CNY,CNY/metric_ton,786.5,793,779,783.5,785,243869,563702,-0.381437,sina_iron_ore_i0
2026-04-24,I0,DCE,CNY,CNY/metric_ton,782.5,789,781.5,786.5,786,166469,580558,0.382897,sina_iron_ore_i0
2026-04-27,I0,DCE,CNY,CNY/metric_ton,786,792.5,783,786,787.5,207979,581155,-0.063573,sina_iron_ore_i0
2026-04-28,I0,DCE,CNY,CNY/metric_ton,786,788,774,780.5,780.5,291129,582980,-0.699746,sina_iron_ore_i0
2026-04-29,I0,DCE,CNY,CNY/metric_ton,781.5,788,779,787.5,783.5,177854,589451,0.896861,sina_iron_ore_i0
2026-04-30,I0,DCE,CNY,CNY/metric_ton,787.5,802.5,786,796,793.5,272248,620392,1.079365,sina_iron_ore_i0
2026-05-06,I0,DCE,CNY,CNY/metric_ton,801,818,801,816,812,261508,651369,2.512563,sina_iron_ore_i0
2026-05-07,I0,DCE,CNY,CNY/metric_ton,816,819.5,811,817,815,228690,673684,0.122549,sina_iron_ore_i0
2026-05-08,I0,DCE,CNY,CNY/metric_ton,818,821.5,812,814.5,816.5,259180,684468,-0.305998,sina_iron_ore_i0
2026-05-11,I0,DCE,CNY,CNY/metric_ton,816,826.5,813.5,822.5,820.5,261177,697790,0.982198,sina_iron_ore_i0
2026-05-12,I0,DCE,CNY,CNY/metric_ton,822.5,825.5,809,812.5,817.5,280287,692285,-1.215805,sina_iron_ore_i0
2026-05-13,I0,DCE,CNY,CNY/metric_ton,815,823,812.5,820,817,217194,707226,0.923077,sina_iron_ore_i0
2026-05-14,I0,DCE,CNY,CNY/metric_ton,820,820.5,809,817,815,220762,700160,-0.365854,sina_iron_ore_i0
2026-05-15,I0,DCE,CNY,CNY/metric_ton,816,819.5,806.5,809.5,812,244637,695097,-0.917993,sina_iron_ore_i0
2026-05-18,I0,DCE,CNY,CNY/metric_ton,809.5,811,801,803,805.5,225052,688084,-0.802965,sina_iron_ore_i0
2026-05-19,I0,DCE,CNY,CNY/metric_ton,803,804.5,794,798.5,798.5,234392,659425,-0.560399,sina_iron_ore_i0
2026-05-20,I0,DCE,CNY,CNY/metric_ton,800,801.5,793,800,798,167577,651104,0.187852,sina_iron_ore_i0
2026-05-21,I0,DCE,CNY,CNY/metric_ton,798,799.5,789,789.5,793,229722,625917,-1.3125,sina_iron_ore_i0
2026-05-22,I0,DCE,CNY,CNY/metric_ton,791,797,789.5,792,792.5,201957,624273,0.316656,sina_iron_ore_i0
2026-05-25,I0,DCE,CNY,CNY/metric_ton,790.5,805,790,793,796.5,295875,629480,0.126263,sina_iron_ore_i0
2026-05-26,I0,DCE,CNY,CNY/metric_ton,794.5,795,778.5,781,784,347543,594109,-1.513241,sina_iron_ore_i0
2026-05-27,I0,DCE,CNY,CNY/metric_ton,781,785,777,781.5,781,180200,595145,0.06402,sina_iron_ore_i0
2026-05-28,I0,DCE,CNY,CNY/metric_ton,781,783.5,777.5,780.5,780,161984,584665,-0.127959,sina_iron_ore_i0
2026-05-29,I0,DCE,CNY,CNY/metric_ton,781,787,778,783.5,782.5,191742,580298,0.384369,sina_iron_ore_i0
2026-06-01,I0,DCE,CNY,CNY/metric_ton,782,783.5,777,781,780.5,225336,575019,-0.319081,sina_iron_ore_i0
2026-06-02,I0,DCE,CNY,CNY/metric_ton,783,787,781.5,786.5,784.5,218424,586665,0.704225,sina_iron_ore_i0
2026-06-03,I0,DCE,CNY,CNY/metric_ton,786.5,787,778,780,782,227981,583551,-0.826446,sina_iron_ore_i0
2026-06-04,I0,DCE,CNY,CNY/metric_ton,780,780,766,767.5,773,328796,605270,-1.602564,sina_iron_ore_i0
2026-06-05,I0,DCE,CNY,CNY/metric_ton,767.5,769.5,760.5,766,765,266015,609413,-0.19544,sina_iron_ore_i0
2026-06-08,I0,DCE,CNY,CNY/metric_ton,766,768,756,759,761.5,253919,597662,-0.913838,sina_iron_ore_i0
2026-06-09,I0,DCE,CNY,CNY/metric_ton,759,764.5,756.5,760,760,217843,592592,0.131752,sina_iron_ore_i0
2026-06-10,I0,DCE,CNY,CNY/metric_ton,760.5,778.5,760,771.5,767.5,314157,569372,1.513158,sina_iron_ore_i0
2026-06-11,I0,DCE,CNY,CNY/metric_ton,769,771.5,762.5,764,766.5,193746,570700,-0.972132,sina_iron_ore_i0
2026-06-12,I0,DCE,CNY,CNY/metric_ton,767.5,768.5,763,764,766,174656,574962,0.0,sina_iron_ore_i0
2026-06-15,I0,DCE,CNY,CNY/metric_ton,764,774,762,771.5,768.5,243130,568198,0.981675,sina_iron_ore_i0
2026-06-16,I0,DCE,CNY,CNY/metric_ton,771,773.5,762,762,767.5,204664,571948,-1.231367,sina_iron_ore_i0
2026-06-17,I0,DCE,CNY,CNY/metric_ton,762,764.5,747,747.5,755.5,290102,600927,-1.902887,sina_iron_ore_i0
2026-06-18,I0,DCE,CNY,CNY/metric_ton,748.5,749.5,743,747,746,287358,597478,-0.06689,sina_iron_ore_i0
2026-06-22,I0,DCE,CNY,CNY/metric_ton,746,749,739,739.5,742.5,191787,622586,-1.004016,sina_iron_ore_i0
2026-06-23,I0,DCE,CNY,CNY/metric_ton,741,744,734,738.5,738.5,209722,619453,-0.135227,sina_iron_ore_i0
2026-06-24,I0,DCE,CNY,CNY/metric_ton,740,747.5,737,744,743,233032,612657,0.744753,sina_iron_ore_i0
2026-06-25,I0,DCE,CNY,CNY/metric_ton,747,749,735,735,742,245490,619397,-1.209677,sina_iron_ore_i0
2026-06-26,I0,DCE,CNY,CNY/metric_ton,735,754,730.5,748,741,348398,595139,1.768707,sina_iron_ore_i0
2026-06-29,I0,DCE,CNY,CNY/metric_ton,744.5,746.5,737.5,746,742.5,220870,595516,-0.26738,sina_iron_ore_i0
2026-06-30,I0,DCE,CNY,CNY/metric_ton,746,752,742,747,745.5,193605,600606,0.134048,sina_iron_ore_i0
2026-07-01,I0,DCE,CNY,CNY/metric_ton,745,746,728.5,733,736.5,289491,632673,-1.874163,sina_iron_ore_i0
2026-07-02,I0,DCE,CNY,CNY/metric_ton,750,757,739,740,747,454959,600271,0.95498,sina_iron_ore_i0
2026-07-03,I0,DCE,CNY,CNY/metric_ton,740,743.5,733,734,737,263244,610710,-0.810811,sina_iron_ore_i0
2026-07-06,I0,DCE,CNY,CNY/metric_ton,733,744,733,738,739,187850,596824,0.544959,sina_iron_ore_i0
2026-07-07,I0,DCE,CNY,CNY/metric_ton,741.5,745,735,735.5,739.5,181197,594670,-0.338753,sina_iron_ore_i0
2026-07-08,I0,DCE,CNY,CNY/metric_ton,735,749.5,735,746,743.5,269821,585851,1.4276,sina_iron_ore_i0
2026-07-09,I0,DCE,CNY,CNY/metric_ton,747.5,751.5,740.5,745.5,745,181218,578854,-0.067024,sina_iron_ore_i0
2026-07-10,I0,DCE,CNY,CNY/metric_ton,745.5,753,744,751.5,748,217730,578881,0.804829,sina_iron_ore_i0
2026-07-13,I0,DCE,CNY,CNY/metric_ton,754,754,742.5,744.5,747,208652,561849,-0.93147,sina_iron_ore_i0
2026-07-14,I0,DCE,CNY,CNY/metric_ton,745,761.5,745,760.5,753.5,280545,545267,2.149093,sina_iron_ore_i0
2026-07-15,I0,DCE,CNY,CNY/metric_ton,760,764.5,755,762,759.5,197971,536035,0.197239,sina_iron_ore_i0
2026-07-16,I0,DCE,CNY,CNY/metric_ton,760.5,762,754,759.5,758,167944,525420,-0.328084,sina_iron_ore_i0
2026-07-17,I0,DCE,CNY,CNY/metric_ton,759.5,764,758,762,761,173672,512548,0.329164,sina_iron_ore_i0
