month,price_usd_per_metric_ton,frequency,source_id
2021-07,214.1,monthly,world_bank_pink_sheet_iron_ore
2021-08,162.2,monthly,world_bank_pink_sheet_iron_ore
2021-09,124.5,monthly,world_bank_pink_sheet_iron_ore
2021-10,122.9,monthly,world_bank_pink_sheet_iron_ore
2021-11,96.2,monthly,world_bank_pink_sheet_iron_ore
2021-12,117.0,monthly,world_bank_pink_sheet_iron_ore
2022-01,132.5,monthly,world_bank_pink_sheet_iron_ore
2022-02,142.8,monthly,world_bank_pink_sheet_iron_ore
2022-03,152.1,monthly,world_bank_pink_sheet_iron_ore
2022-04,151.3,monthly,world_bank_pink_sheet_iron_ore
2022-05,131.2,monthly,world_bank_pink_sheet_iron_ore
2022-06,130.7,monthly,world_bank_pink_sheet_iron_ore
2022-07,108.6,monthly,world_bank_pink_sheet_iron_ore
2022-08,108.9,monthly,world_bank_pink_sheet_iron_ore
2022-09,99.8,monthly,world_bank_pink_sheet_iron_ore
2022-10,92.6,monthly,world_bank_pink_sheet_iron_ore
2022-11,93.3,monthly,world_bank_pink_sheet_iron_ore
2022-12,111.8,monthly,world_bank_pink_sheet_iron_ore
2023-01,122.2,monthly,world_bank_pink_sheet_iron_ore
2023-02,127.6,monthly,world_bank_pink_sheet_iron_ore
2023-03,128.4,monthly,world_bank_pink_sheet_iron_ore
2023-04,117.4,monthly,world_bank_pink_sheet_iron_ore
2023-05,105.2,monthly,world_bank_pink_sheet_iron_ore
2023-06,113.5,monthly,world_bank_pink_sheet_iron_ore
2023-07,114.4,monthly,world_bank_pink_sheet_iron_ore
2023-08,110.2,monthly,world_bank_pink_sheet_iron_ore
2023-09,121.0,monthly,world_bank_pink_sheet_iron_ore
2023-10,119.0,monthly,world_bank_pink_sheet_iron_ore
2023-11,131.1,monthly,world_bank_pink_sheet_iron_ore
2023-12,137.1,monthly,world_bank_pink_sheet_iron_ore
2024-01,135.8,monthly,world_bank_pink_sheet_iron_ore
2024-02,124.4,monthly,world_bank_pink_sheet_iron_ore
2024-03,109.8,monthly,world_bank_pink_sheet_iron_ore
2024-04,112.8,monthly,world_bank_pink_sheet_iron_ore
2024-05,118.9,monthly,world_bank_pink_sheet_iron_ore
2024-06,107.5,monthly,world_bank_pink_sheet_iron_ore
2024-07,106.9,monthly,world_bank_pink_sheet_iron_ore
2024-08,99.9,monthly,world_bank_pink_sheet_iron_ore
2024-09,92.8,monthly,world_bank_pink_sheet_iron_ore
2024-10,101.4,monthly,world_bank_pink_sheet_iron_ore
2024-11,100.5,monthly,world_bank_pink_sheet_iron_ore
2024-12,102.2,monthly,world_bank_pink_sheet_iron_ore
2025-01,99.6,monthly,world_bank_pink_sheet_iron_ore
2025-02,105.1,monthly,world_bank_pink_sheet_iron_ore
2025-03,100.1,monthly,world_bank_pink_sheet_iron_ore
2025-04,97.2,monthly,world_bank_pink_sheet_iron_ore
2025-05,97.0,monthly,world_bank_pink_sheet_iron_ore
2025-06,92.3,monthly,world_bank_pink_sheet_iron_ore
2025-07,97.3,monthly,world_bank_pink_sheet_iron_ore
2025-08,99.7,monthly,world_bank_pink_sheet_iron_ore
2025-09,103.3,monthly,world_bank_pink_sheet_iron_ore
2025-10,103.5,monthly,world_bank_pink_sheet_iron_ore
2025-11,102.5,monthly,world_bank_pink_sheet_iron_ore
2025-12,104.6,monthly,world_bank_pink_sheet_iron_ore
2026-01,105.5,monthly,world_bank_pink_sheet_iron_ore
2026-02,98.8,monthly,world_bank_pink_sheet_iron_ore
2026-03,104.5,monthly,world_bank_pink_sheet_iron_ore
2026-04,106.1,monthly,world_bank_pink_sheet_iron_ore
2026-05,108.6,monthly,world_bank_pink_sheet_iron_ore
2026-06,100.8,monthly,world_bank_pink_sheet_iron_ore
