month,price_usd_per_metric_ton,frequency,source_id
2021-07,214.340909,monthly,fred_imf_piorecrusdm
2021-08,162.090909,monthly,fred_imf_piorecrusdm
2021-09,113.71875,monthly,fred_imf_piorecrusdm
2021-10,114.47619,monthly,fred_imf_piorecrusdm
2021-11,90.131579,monthly,fred_imf_piorecrusdm
2021-12,110.456522,monthly,fred_imf_piorecrusdm
2022-01,133.045455,monthly,fred_imf_piorecrusdm
2022-02,139.7,monthly,fred_imf_piorecrusdm
2022-03,147.347826,monthly,fred_imf_piorecrusdm
2022-04,146.666667,monthly,fred_imf_piorecrusdm
2022-05,131.090909,monthly,fred_imf_piorecrusdm
2022-06,131.045455,monthly,fred_imf_piorecrusdm
2022-07,109.047619,monthly,fred_imf_piorecrusdm
2022-08,109.065217,monthly,fred_imf_piorecrusdm
2022-09,100.840909,monthly,fred_imf_piorecrusdm
2022-10,94.619048,monthly,fred_imf_piorecrusdm
2022-11,94.568182,monthly,fred_imf_piorecrusdm
2022-12,111.409091,monthly,fred_imf_piorecrusdm
2023-01,122.431818,monthly,fred_imf_piorecrusdm
2023-02,127.075,monthly,fred_imf_piorecrusdm
2023-03,127.978261,monthly,fred_imf_piorecrusdm
2023-04,117.125,monthly,fred_imf_piorecrusdm
2023-05,104.521739,monthly,fred_imf_piorecrusdm
2023-06,113.090909,monthly,fred_imf_piorecrusdm
2023-07,113.97619,monthly,fred_imf_piorecrusdm
2023-08,109.608696,monthly,fred_imf_piorecrusdm
2023-09,120.428571,monthly,fred_imf_piorecrusdm
2023-10,118.75,monthly,fred_imf_piorecrusdm
2023-11,131.25,monthly,fred_imf_piorecrusdm
2023-12,137.547619,monthly,fred_imf_piorecrusdm
2024-01,136.586957,monthly,fred_imf_piorecrusdm
2024-02,125.928571,monthly,fred_imf_piorecrusdm
2024-03,110.190476,monthly,fred_imf_piorecrusdm
2024-04,112.227273,monthly,fred_imf_piorecrusdm
2024-05,119.23913,monthly,fred_imf_piorecrusdm
2024-06,108.1,monthly,fred_imf_piorecrusdm
2024-07,107.391304,monthly,fred_imf_piorecrusdm
2024-08,100.909091,monthly,fred_imf_piorecrusdm
2024-09,96.238095,monthly,fred_imf_piorecrusdm
2024-10,106.608696,monthly,fred_imf_piorecrusdm
2024-11,103.97619,monthly,fred_imf_piorecrusdm
2024-12,105.340909,monthly,fred_imf_piorecrusdm
2025-01,103.782609,monthly,fred_imf_piorecrusdm
2025-02,108.2,monthly,fred_imf_piorecrusdm
2025-03,103.652381,monthly,fred_imf_piorecrusdm
2025-04,100.909091,monthly,fred_imf_piorecrusdm
2025-05,100.272727,monthly,fred_imf_piorecrusdm
2025-06,96.166667,monthly,fred_imf_piorecrusdm
2025-07,101.217391,monthly,fred_imf_piorecrusdm
2025-08,103.285714,monthly,fred_imf_piorecrusdm
2025-09,106.409091,monthly,fred_imf_piorecrusdm
2025-10,106.869565,monthly,fred_imf_piorecrusdm
2025-11,106.23,monthly,fred_imf_piorecrusdm
2025-12,107.586364,monthly,fred_imf_piorecrusdm
2026-01,107.445455,monthly,fred_imf_piorecrusdm
2026-02,100.965,monthly,fred_imf_piorecrusdm
2026-03,107.577273,monthly,fred_imf_piorecrusdm
2026-04,109.386364,monthly,fred_imf_piorecrusdm
2026-05,111.628571,monthly,fred_imf_piorecrusdm
2026-06,103.790909,monthly,fred_imf_piorecrusdm
